image_path,filename,cluster_id
/Users/qingfengliu/Desktop/fashion-pic/1638714174_1000.jpg,1638714174_1000.jpg,10
/Users/qingfengliu/Desktop/fashion-pic/1638803985_1000.jpg,1638803985_1000.jpg,7
/Users/qingfengliu/Desktop/fashion-pic/1639798168_1000.jpg,1639798168_1000.jpg,16
/Users/qingfengliu/Desktop/fashion-pic/1641268510_1000.jpg,1641268510_1000.jpg,15
/Users/qingfengliu/Desktop/fashion-pic/1643425890_1000.jpg,1643425890_1000.jpg,9
/Users/qingfengliu/Desktop/fashion-pic/1644742775_1000.jpg,1644742775_1000.jpg,8
/Users/qingfengliu/Desktop/fashion-pic/1644858775_1000.jpg,1644858775_1000.jpg,18
/Users/qingfengliu/Desktop/fashion-pic/1670425965_1000.jpg,1670425965_1000.jpg,8
/Users/qingfengliu/Desktop/fashion-pic/1672898298_1000.jpg,1672898298_1000.jpg,9
/Users/qingfengliu/Desktop/fashion-pic/1674901848_1000.jpg,1674901848_1000.jpg,18
/Users/qingfengliu/Desktop/fashion-pic/1675098267_1000.jpg,1675098267_1000.jpg,18
/Users/qingfengliu/Desktop/fashion-pic/1675834208_1000.jpg,1675834208_1000.jpg,7
/Users/qingfengliu/Desktop/fashion-pic/1677159894_1000.jpg,1677159894_1000.jpg,8
/Users/qingfengliu/Desktop/fashion-pic/1677509212_1000.jpg,1677509212_1000.jpg,17
/Users/qingfengliu/Desktop/fashion-pic/1702448491_1000.jpg,1702448491_1000.jpg,13
/Users/qingfengliu/Desktop/fashion-pic/1702612849_1000.jpg,1702612849_1000.jpg,18
/Users/qingfengliu/Desktop/fashion-pic/1703004241_1000.jpg,1703004241_1000.jpg,14
/Users/qingfengliu/Desktop/fashion-pic/1703774589_1000.jpg,1703774589_1000.jpg,9
/Users/qingfengliu/Desktop/fashion-pic/1704460707_1000.jpg,1704460707_1000.jpg,14
/Users/qingfengliu/Desktop/fashion-pic/1704613400_1000.jpg,1704613400_1000.jpg,7
/Users/qingfengliu/Desktop/fashion-pic/1704839374_1000.jpg,1704839374_1000.jpg,14
/Users/qingfengliu/Desktop/fashion-pic/1705856022_1000.jpg,1705856022_1000.jpg,1
/Users/qingfengliu/Desktop/fashion-pic/1706076306_1000.jpg,1706076306_1000.jpg,13
/Users/qingfengliu/Desktop/fashion-pic/1706448945_1000.jpg,1706448945_1000.jpg,1
/Users/qingfengliu/Desktop/fashion-pic/1706452599_1000.jpg,1706452599_1000.jpg,5
/Users/qingfengliu/Desktop/fashion-pic/1706798585_1000.jpg,1706798585_1000.jpg,10
/Users/qingfengliu/Desktop/fashion-pic/1707211318_1000.jpg,1707211318_1000.jpg,7
/Users/qingfengliu/Desktop/fashion-pic/1707219224_1000.jpg,1707219224_1000.jpg,7
/Users/qingfengliu/Desktop/fashion-pic/1708742695_1000.jpg,1708742695_1000.jpg,1
/Users/qingfengliu/Desktop/fashion-pic/1708784585_1000.jpg,1708784585_1000.jpg,7
/Users/qingfengliu/Desktop/fashion-pic/1731558915_1000.jpg,1731558915_1000.jpg,15
/Users/qingfengliu/Desktop/fashion-pic/1733285093_1000.jpg,1733285093_1000.jpg,16
/Users/qingfengliu/Desktop/fashion-pic/1733484749_1000.jpg,1733484749_1000.jpg,16
/Users/qingfengliu/Desktop/fashion-pic/1733875802_1000.jpg,1733875802_1000.jpg,15
/Users/qingfengliu/Desktop/fashion-pic/1734016744_1000.jpg,1734016744_1000.jpg,10
/Users/qingfengliu/Desktop/fashion-pic/1734360613_1000.jpg,1734360613_1000.jpg,9
/Users/qingfengliu/Desktop/fashion-pic/1734399242_1000.jpg,1734399242_1000.jpg,7
/Users/qingfengliu/Desktop/fashion-pic/1734657179_1000.jpg,1734657179_1000.jpg,18
/Users/qingfengliu/Desktop/fashion-pic/1735020357_1000.jpg,1735020357_1000.jpg,13
/Users/qingfengliu/Desktop/fashion-pic/1735387771_1000.jpg,1735387771_1000.jpg,19
/Users/qingfengliu/Desktop/fashion-pic/1735445282_1000.jpg,1735445282_1000.jpg,9
/Users/qingfengliu/Desktop/fashion-pic/1735467882_1000.jpg,1735467882_1000.jpg,17
/Users/qingfengliu/Desktop/fashion-pic/1735467944_1000.jpg,1735467944_1000.jpg,5
/Users/qingfengliu/Desktop/fashion-pic/1735483379_1000.jpg,1735483379_1000.jpg,14
/Users/qingfengliu/Desktop/fashion-pic/1736166529_1000.jpg,1736166529_1000.jpg,1
/Users/qingfengliu/Desktop/fashion-pic/1736284902_1000.jpg,1736284902_1000.jpg,13
/Users/qingfengliu/Desktop/fashion-pic/1736939283_1000.jpg,1736939283_1000.jpg,16
/Users/qingfengliu/Desktop/fashion-pic/1737526688_1000.jpg,1737526688_1000.jpg,16
/Users/qingfengliu/Desktop/fashion-pic/1737536347_1000.jpg,1737536347_1000.jpg,15
/Users/qingfengliu/Desktop/fashion-pic/1737768305_1000.jpg,1737768305_1000.jpg,13
/Users/qingfengliu/Desktop/fashion-pic/1737983630_1000.jpg,1737983630_1000.jpg,17
/Users/qingfengliu/Desktop/fashion-pic/1738315077_1000.jpg,1738315077_1000.jpg,8
/Users/qingfengliu/Desktop/fashion-pic/1738343089_1000.jpg,1738343089_1000.jpg,10
/Users/qingfengliu/Desktop/fashion-pic/1738573918_1000.jpg,1738573918_1000.jpg,8
/Users/qingfengliu/Desktop/fashion-pic/1738747658_1000.jpg,1738747658_1000.jpg,18
/Users/qingfengliu/Desktop/fashion-pic/1738889225_1000.jpg,1738889225_1000.jpg,15
/Users/qingfengliu/Desktop/fashion-pic/1739057595_1000.jpg,1739057595_1000.jpg,17
/Users/qingfengliu/Desktop/fashion-pic/1739084056_1000.jpg,1739084056_1000.jpg,16
/Users/qingfengliu/Desktop/fashion-pic/1739111294_1000.jpg,1739111294_1000.jpg,9
/Users/qingfengliu/Desktop/fashion-pic/1739227546_1000.jpg,1739227546_1000.jpg,16
/Users/qingfengliu/Desktop/fashion-pic/1739406893_1000.jpg,1739406893_1000.jpg,18
/Users/qingfengliu/Desktop/fashion-pic/1739613094_1000.jpg,1739613094_1000.jpg,10
/Users/qingfengliu/Desktop/fashion-pic/1739614722_1000.jpg,1739614722_1000.jpg,15
/Users/qingfengliu/Desktop/fashion-pic/1740194244_1000.jpg,1740194244_1000.jpg,5
/Users/qingfengliu/Desktop/fashion-pic/1740589071_1000.jpg,1740589071_1000.jpg,15
/Users/qingfengliu/Desktop/fashion-pic/20170118191056742_1000.jpg,20170118191056742_1000.jpg,8
/Users/qingfengliu/Desktop/fashion-pic/20171210170144437_1000.jpg,20171210170144437_1000.jpg,7
/Users/qingfengliu/Desktop/fashion-pic/20181205170328629_1000.jpg,20181205170328629_1000.jpg,9
/Users/qingfengliu/Desktop/fashion-pic/20190103092857300_1000.jpg,20190103092857300_1000.jpg,16
/Users/qingfengliu/Desktop/fashion-pic/20190113092841286_1000.jpg,20190113092841286_1000.jpg,2
/Users/qingfengliu/Desktop/fashion-pic/20190207213248622_1000.jpg,20190207213248622_1000.jpg,9
/Users/qingfengliu/Desktop/fashion-pic/20190226070505471_1000.jpg,20190226070505471_1000.jpg,15
/Users/qingfengliu/Desktop/fashion-pic/20191217060055219_1000.jpg,20191217060055219_1000.jpg,1
/Users/qingfengliu/Desktop/fashion-pic/20200127180808836_1000.jpg,20200127180808836_1000.jpg,13
/Users/qingfengliu/Desktop/fashion-pic/20200203183156756_1000.jpg,20200203183156756_1000.jpg,4
/Users/qingfengliu/Desktop/fashion-pic/20200206150504728_1000.jpg,20200206150504728_1000.jpg,7
/Users/qingfengliu/Desktop/fashion-pic/20200225060555439_1000.jpg,20200225060555439_1000.jpg,18
/Users/qingfengliu/Desktop/fashion-pic/20201209170009991_1000.jpg,20201209170009991_1000.jpg,7
/Users/qingfengliu/Desktop/fashion-pic/20201220183024485_1000.jpg,20201220183024485_1000.jpg,1
/Users/qingfengliu/Desktop/fashion-pic/20201223014736512_1000.jpg,20201223014736512_1000.jpg,1
/Users/qingfengliu/Desktop/fashion-pic/20201225032737958_1000.jpg,20201225032737958_1000.jpg,9
/Users/qingfengliu/Desktop/fashion-pic/20201225071414851_1000.jpg,20201225071414851_1000.jpg,16
/Users/qingfengliu/Desktop/fashion-pic/20201230060036146_1000.jpg,20201230060036146_1000.jpg,13
/Users/qingfengliu/Desktop/fashion-pic/20210111161100757_1000.jpg,20210111161100757_1000.jpg,10
/Users/qingfengliu/Desktop/fashion-pic/20210129180849457_1000.jpg,20210129180849457_1000.jpg,1
/Users/qingfengliu/Desktop/fashion-pic/20210202221031788_1000.jpg,20210202221031788_1000.jpg,17
/Users/qingfengliu/Desktop/fashion-pic/20210216180202663_1000.jpg,20210216180202663_1000.jpg,10
/Users/qingfengliu/Desktop/fashion-pic/20210223160149414_1000.jpg,20210223160149414_1000.jpg,8
/Users/qingfengliu/Desktop/fashion-pic/Aquascutum_mens_25-26aw-007.jpg,Aquascutum_mens_25-26aw-007.jpg,19
/Users/qingfengliu/Desktop/fashion-pic/Aquascutum_mens_25-26aw-008.jpg,Aquascutum_mens_25-26aw-008.jpg,20
/Users/qingfengliu/Desktop/fashion-pic/Aquascutum_mens_25-26aw-010.jpg,Aquascutum_mens_25-26aw-010.jpg,20
/Users/qingfengliu/Desktop/fashion-pic/Aquascutum_mens_25-26aw-016.jpg,Aquascutum_mens_25-26aw-016.jpg,20
/Users/qingfengliu/Desktop/fashion-pic/Aquascutum_mens_25-26aw-021.jpg,Aquascutum_mens_25-26aw-021.jpg,17
/Users/qingfengliu/Desktop/fashion-pic/Aquascutum_mens_25-26aw-022.jpg,Aquascutum_mens_25-26aw-022.jpg,20
/Users/qingfengliu/Desktop/fashion-pic/ArtofTANAKA_2025aw_001.jpg,ArtofTANAKA_2025aw_001.jpg,2
/Users/qingfengliu/Desktop/fashion-pic/ArtofTANAKA_2025aw_002.jpg,ArtofTANAKA_2025aw_002.jpg,18
/Users/qingfengliu/Desktop/fashion-pic/ArtofTANAKA_2025aw_006.jpg,ArtofTANAKA_2025aw_006.jpg,13
/Users/qingfengliu/Desktop/fashion-pic/ArtofTANAKA_2025aw_009.jpg,ArtofTANAKA_2025aw_009.jpg,18
/Users/qingfengliu/Desktop/fashion-pic/ArtofTANAKA_2025aw_019.jpg,ArtofTANAKA_2025aw_019.jpg,7
/Users/qingfengliu/Desktop/fashion-pic/ArtofTANAKA_2025aw_020.jpg,ArtofTANAKA_2025aw_020.jpg,7
/Users/qingfengliu/Desktop/fashion-pic/ArtofTANAKA_2025aw_022.jpg,ArtofTANAKA_2025aw_022.jpg,2
/Users/qingfengliu/Desktop/fashion-pic/ArtofTANAKA_2025aw_034.jpg,ArtofTANAKA_2025aw_034.jpg,2
/Users/qingfengliu/Desktop/fashion-pic/ArtofTANAKA_2025aw_036.jpg,ArtofTANAKA_2025aw_036.jpg,2
/Users/qingfengliu/Desktop/fashion-pic/ArtofTANAKA_2025aw_048.jpg,ArtofTANAKA_2025aw_048.jpg,2
/Users/qingfengliu/Desktop/fashion-pic/ArtofTANAKA_2025aw_049.jpg,ArtofTANAKA_2025aw_049.jpg,7
/Users/qingfengliu/Desktop/fashion-pic/ArtofTANAKA_2025aw_051.jpg,ArtofTANAKA_2025aw_051.jpg,2
/Users/qingfengliu/Desktop/fashion-pic/BASEMARK_2025aw_003.jpg,BASEMARK_2025aw_003.jpg,2
/Users/qingfengliu/Desktop/fashion-pic/BASEMARK_2025aw_004.jpg,BASEMARK_2025aw_004.jpg,2
/Users/qingfengliu/Desktop/fashion-pic/BASEMARK_2025aw_005.jpg,BASEMARK_2025aw_005.jpg,2
/Users/qingfengliu/Desktop/fashion-pic/BASEMARK_2025aw_009.jpg,BASEMARK_2025aw_009.jpg,2
/Users/qingfengliu/Desktop/fashion-pic/BASEMARK_2025aw_012.jpg,BASEMARK_2025aw_012.jpg,2
/Users/qingfengliu/Desktop/fashion-pic/BASEMARK_2025aw_014.jpg,BASEMARK_2025aw_014.jpg,2
/Users/qingfengliu/Desktop/fashion-pic/BASEMARK_2025aw_018.jpg,BASEMARK_2025aw_018.jpg,2
/Users/qingfengliu/Desktop/fashion-pic/BASEMARK_2025aw_024.jpg,BASEMARK_2025aw_024.jpg,2
/Users/qingfengliu/Desktop/fashion-pic/BASEMARK_2025aw_025.jpg,BASEMARK_2025aw_025.jpg,2
/Users/qingfengliu/Desktop/fashion-pic/BASEMARK_2025aw_028.jpg,BASEMARK_2025aw_028.jpg,2
/Users/qingfengliu/Desktop/fashion-pic/CALEE_25aw-002.jpg,CALEE_25aw-002.jpg,4
/Users/qingfengliu/Desktop/fashion-pic/CALEE_25aw-010.jpg,CALEE_25aw-010.jpg,4
/Users/qingfengliu/Desktop/fashion-pic/CALEE_25aw-011.jpg,CALEE_25aw-011.jpg,4
/Users/qingfengliu/Desktop/fashion-pic/CALEE_25aw-020.jpg,CALEE_25aw-020.jpg,4
/Users/qingfengliu/Desktop/fashion-pic/CALEE_25aw-028.jpg,CALEE_25aw-028.jpg,4
/Users/qingfengliu/Desktop/fashion-pic/CINOH_25-26aw_001.jpg,CINOH_25-26aw_001.jpg,3
/Users/qingfengliu/Desktop/fashion-pic/CINOH_25-26aw_004.jpg,CINOH_25-26aw_004.jpg,3
/Users/qingfengliu/Desktop/fashion-pic/CINOH_25-26aw_007.jpg,CINOH_25-26aw_007.jpg,3
/Users/qingfengliu/Desktop/fashion-pic/CINOH_25-26aw_009.jpg,CINOH_25-26aw_009.jpg,3
/Users/qingfengliu/Desktop/fashion-pic/CINOH_25-26aw_010.jpg,CINOH_25-26aw_010.jpg,3
/Users/qingfengliu/Desktop/fashion-pic/CINOH_25-26aw_014.jpg,CINOH_25-26aw_014.jpg,3
/Users/qingfengliu/Desktop/fashion-pic/CINOH_25-26aw_022.jpg,CINOH_25-26aw_022.jpg,3
/Users/qingfengliu/Desktop/fashion-pic/CINOH_25-26aw_028.jpg,CINOH_25-26aw_028.jpg,3
/Users/qingfengliu/Desktop/fashion-pic/CURRENTAGE_25-26aw_004.jpg,CURRENTAGE_25-26aw_004.jpg,2
/Users/qingfengliu/Desktop/fashion-pic/CURRENTAGE_25-26aw_005.jpg,CURRENTAGE_25-26aw_005.jpg,2
/Users/qingfengliu/Desktop/fashion-pic/CURRENTAGE_25-26aw_012.jpg,CURRENTAGE_25-26aw_012.jpg,2
/Users/qingfengliu/Desktop/fashion-pic/CURRENTAGE_25-26aw_022.jpg,CURRENTAGE_25-26aw_022.jpg,2
/Users/qingfengliu/Desktop/fashion-pic/CURRENTAGE_25-26aw_024.jpg,CURRENTAGE_25-26aw_024.jpg,2
/Users/qingfengliu/Desktop/fashion-pic/CURRENTAGE_25-26aw_029.jpg,CURRENTAGE_25-26aw_029.jpg,2
/Users/qingfengliu/Desktop/fashion-pic/CURRENTAGE_25-26aw_031.jpg,CURRENTAGE_25-26aw_031.jpg,2
/Users/qingfengliu/Desktop/fashion-pic/CURRENTAGE_25-26aw_033.jpg,CURRENTAGE_25-26aw_033.jpg,2
/Users/qingfengliu/Desktop/fashion-pic/CURRENTAGE_25-26aw_037.jpg,CURRENTAGE_25-26aw_037.jpg,15
/Users/qingfengliu/Desktop/fashion-pic/DESCENTEALLTERRAIN81_25aw-007.jpg,DESCENTEALLTERRAIN81_25aw-007.jpg,19
/Users/qingfengliu/Desktop/fashion-pic/DESCENTEALLTERRAIN81_25aw-014.jpg,DESCENTEALLTERRAIN81_25aw-014.jpg,6
/Users/qingfengliu/Desktop/fashion-pic/DESCENTEALLTERRAIN81_25aw-022.jpg,DESCENTEALLTERRAIN81_25aw-022.jpg,19
/Users/qingfengliu/Desktop/fashion-pic/DESCENTEALLTERRAIN81_25aw-031.jpg,DESCENTEALLTERRAIN81_25aw-031.jpg,6
/Users/qingfengliu/Desktop/fashion-pic/DESCENTEALLTERRAIN81_25aw-033.jpg,DESCENTEALLTERRAIN81_25aw-033.jpg,6
/Users/qingfengliu/Desktop/fashion-pic/DESCENTEALLTERRAIN81_25aw-036.jpg,DESCENTEALLTERRAIN81_25aw-036.jpg,6
/Users/qingfengliu/Desktop/fashion-pic/DESCENTEALLTERRAIN81_25aw-042.jpg,DESCENTEALLTERRAIN81_25aw-042.jpg,6
/Users/qingfengliu/Desktop/fashion-pic/DESCENTEALLTERRAIN81_25aw-043.jpg,DESCENTEALLTERRAIN81_25aw-043.jpg,4
/Users/qingfengliu/Desktop/fashion-pic/ESSAY_25-26aw_002.jpg,ESSAY_25-26aw_002.jpg,4
/Users/qingfengliu/Desktop/fashion-pic/ESSAY_25-26aw_005.jpg,ESSAY_25-26aw_005.jpg,4
/Users/qingfengliu/Desktop/fashion-pic/ESSAY_25-26aw_007.jpg,ESSAY_25-26aw_007.jpg,4
/Users/qingfengliu/Desktop/fashion-pic/ESSAY_25-26aw_011.jpg,ESSAY_25-26aw_011.jpg,4
/Users/qingfengliu/Desktop/fashion-pic/ESSAY_25-26aw_013.jpg,ESSAY_25-26aw_013.jpg,4
/Users/qingfengliu/Desktop/fashion-pic/ESSAY_25-26aw_015.jpg,ESSAY_25-26aw_015.jpg,4
/Users/qingfengliu/Desktop/fashion-pic/ESSAY_25-26aw_018.jpg,ESSAY_25-26aw_018.jpg,4
/Users/qingfengliu/Desktop/fashion-pic/ESSAY_25-26aw_020.jpg,ESSAY_25-26aw_020.jpg,4
/Users/qingfengliu/Desktop/fashion-pic/ESSAY_25-26aw_023.jpg,ESSAY_25-26aw_023.jpg,4
/Users/qingfengliu/Desktop/fashion-pic/ESSAY_25-26aw_026.jpg,ESSAY_25-26aw_026.jpg,4
/Users/qingfengliu/Desktop/fashion-pic/ESSAY_25-26aw_030.jpg,ESSAY_25-26aw_030.jpg,4
/Users/qingfengliu/Desktop/fashion-pic/ESSAY_25-26aw_034.jpg,ESSAY_25-26aw_034.jpg,4
/Users/qingfengliu/Desktop/fashion-pic/ESSAY_25-26aw_039.jpg,ESSAY_25-26aw_039.jpg,4
/Users/qingfengliu/Desktop/fashion-pic/ESSAY_25-26aw_043.jpg,ESSAY_25-26aw_043.jpg,4
/Users/qingfengliu/Desktop/fashion-pic/ESSAY_25-26aw_045.jpg,ESSAY_25-26aw_045.jpg,4
/Users/qingfengliu/Desktop/fashion-pic/FDMTL_25-26aw_2_3__001.jpg,FDMTL_25-26aw_2_3__001.jpg,3
/Users/qingfengliu/Desktop/fashion-pic/FDMTL_25-26aw_2_3__002.jpg,FDMTL_25-26aw_2_3__002.jpg,3
/Users/qingfengliu/Desktop/fashion-pic/FDMTL_25-26aw_2_3__003.jpg,FDMTL_25-26aw_2_3__003.jpg,3
/Users/qingfengliu/Desktop/fashion-pic/FDMTL_25-26aw_2_3__005.jpg,FDMTL_25-26aw_2_3__005.jpg,3
/Users/qingfengliu/Desktop/fashion-pic/FDMTL_25-26aw_2_3__006.jpg,FDMTL_25-26aw_2_3__006.jpg,3
/Users/qingfengliu/Desktop/fashion-pic/FDMTL_25-26aw_2_3__007.jpg,FDMTL_25-26aw_2_3__007.jpg,3
/Users/qingfengliu/Desktop/fashion-pic/FDMTL_25-26aw_2_3__008.jpg,FDMTL_25-26aw_2_3__008.jpg,3
/Users/qingfengliu/Desktop/fashion-pic/FDMTL_25-26aw_2_3__009.jpg,FDMTL_25-26aw_2_3__009.jpg,3
/Users/qingfengliu/Desktop/fashion-pic/FDMTL_25-26aw_2_3__010.jpg,FDMTL_25-26aw_2_3__010.jpg,3
/Users/qingfengliu/Desktop/fashion-pic/FDMTL_25-26aw_2_3__011.jpg,FDMTL_25-26aw_2_3__011.jpg,3
/Users/qingfengliu/Desktop/fashion-pic/FDMTL_25-26aw_2_3__013.jpg,FDMTL_25-26aw_2_3__013.jpg,3
/Users/qingfengliu/Desktop/fashion-pic/FDMTL_25-26aw_2_3__014.jpg,FDMTL_25-26aw_2_3__014.jpg,3
/Users/qingfengliu/Desktop/fashion-pic/FDMTL_25-26aw_2_3__015.jpg,FDMTL_25-26aw_2_3__015.jpg,3
/Users/qingfengliu/Desktop/fashion-pic/FDMTL_25-26aw_2_3__016.jpg,FDMTL_25-26aw_2_3__016.jpg,3
/Users/qingfengliu/Desktop/fashion-pic/FDMTL_25-26aw_2_3__017.jpg,FDMTL_25-26aw_2_3__017.jpg,3
/Users/qingfengliu/Desktop/fashion-pic/FDMTL_25-26aw_2_3__019.jpg,FDMTL_25-26aw_2_3__019.jpg,3
/Users/qingfengliu/Desktop/fashion-pic/FDMTL_25-26aw_2_3__020.jpg,FDMTL_25-26aw_2_3__020.jpg,3
/Users/qingfengliu/Desktop/fashion-pic/FDMTL_25-26aw_2_3__022.jpg,FDMTL_25-26aw_2_3__022.jpg,3
/Users/qingfengliu/Desktop/fashion-pic/FDMTL_25-26aw_2_3__023.jpg,FDMTL_25-26aw_2_3__023.jpg,3
/Users/qingfengliu/Desktop/fashion-pic/FDMTL_25-26aw_2_3__030.jpg,FDMTL_25-26aw_2_3__030.jpg,3
/Users/qingfengliu/Desktop/fashion-pic/Graphpaper_25-26AW_mens_002.jpg,Graphpaper_25-26AW_mens_002.jpg,6
/Users/qingfengliu/Desktop/fashion-pic/Graphpaper_25-26AW_mens_003.jpg,Graphpaper_25-26AW_mens_003.jpg,6
/Users/qingfengliu/Desktop/fashion-pic/Graphpaper_25-26AW_mens_004.jpg,Graphpaper_25-26AW_mens_004.jpg,6
/Users/qingfengliu/Desktop/fashion-pic/Graphpaper_25-26AW_mens_005.jpg,Graphpaper_25-26AW_mens_005.jpg,6
/Users/qingfengliu/Desktop/fashion-pic/Graphpaper_25-26AW_mens_007.jpg,Graphpaper_25-26AW_mens_007.jpg,6
/Users/qingfengliu/Desktop/fashion-pic/Graphpaper_25-26AW_mens_008.jpg,Graphpaper_25-26AW_mens_008.jpg,6
/Users/qingfengliu/Desktop/fashion-pic/Graphpaper_25-26AW_mens_009.jpg,Graphpaper_25-26AW_mens_009.jpg,6
/Users/qingfengliu/Desktop/fashion-pic/Graphpaper_25-26AW_mens_010.jpg,Graphpaper_25-26AW_mens_010.jpg,6
/Users/qingfengliu/Desktop/fashion-pic/Graphpaper_25-26AW_mens_011.jpg,Graphpaper_25-26AW_mens_011.jpg,6
/Users/qingfengliu/Desktop/fashion-pic/Graphpaper_25-26AW_mens_012.jpg,Graphpaper_25-26AW_mens_012.jpg,6
/Users/qingfengliu/Desktop/fashion-pic/Graphpaper_25-26AW_mens_013.jpg,Graphpaper_25-26AW_mens_013.jpg,6
/Users/qingfengliu/Desktop/fashion-pic/Graphpaper_25-26AW_mens_014.jpg,Graphpaper_25-26AW_mens_014.jpg,6
/Users/qingfengliu/Desktop/fashion-pic/Graphpaper_25-26AW_mens_015.jpg,Graphpaper_25-26AW_mens_015.jpg,6
/Users/qingfengliu/Desktop/fashion-pic/Graphpaper_25-26AW_mens_016.jpg,Graphpaper_25-26AW_mens_016.jpg,6
/Users/qingfengliu/Desktop/fashion-pic/Graphpaper_25-26AW_mens_017.jpg,Graphpaper_25-26AW_mens_017.jpg,6
/Users/qingfengliu/Desktop/fashion-pic/Graphpaper_25-26AW_mens_018.jpg,Graphpaper_25-26AW_mens_018.jpg,6
/Users/qingfengliu/Desktop/fashion-pic/Graphpaper_25-26AW_mens_019.jpg,Graphpaper_25-26AW_mens_019.jpg,6
/Users/qingfengliu/Desktop/fashion-pic/Graphpaper_25-26AW_mens_020.jpg,Graphpaper_25-26AW_mens_020.jpg,6
/Users/qingfengliu/Desktop/fashion-pic/Graphpaper_25-26AW_mens_021.jpg,Graphpaper_25-26AW_mens_021.jpg,6
/Users/qingfengliu/Desktop/fashion-pic/Graphpaper_25-26AW_mens_022.jpg,Graphpaper_25-26AW_mens_022.jpg,6
/Users/qingfengliu/Desktop/fashion-pic/HSs.jpg,HSs.jpg,5
/Users/qingfengliu/Desktop/fashion-pic/HUF_25winter-006.jpg,HUF_25winter-006.jpg,14
/Users/qingfengliu/Desktop/fashion-pic/IHA.jpg,IHA.jpg,6
/Users/qingfengliu/Desktop/fashion-pic/INTERIM_25-26aw-002.jpg,INTERIM_25-26aw-002.jpg,20
/Users/qingfengliu/Desktop/fashion-pic/INTERIM_25-26aw-003.jpg,INTERIM_25-26aw-003.jpg,20
/Users/qingfengliu/Desktop/fashion-pic/INTERIM_25-26aw-005.jpg,INTERIM_25-26aw-005.jpg,19
/Users/qingfengliu/Desktop/fashion-pic/INTERIM_25-26aw-022.jpg,INTERIM_25-26aw-022.jpg,19
/Users/qingfengliu/Desktop/fashion-pic/IO_25-26aw-048.jpg,IO_25-26aw-048.jpg,4
/Users/qingfengliu/Desktop/fashion-pic/IO_25-26aw-060.jpg,IO_25-26aw-060.jpg,6
/Users/qingfengliu/Desktop/fashion-pic/IO_25-26aw-065.jpg,IO_25-26aw-065.jpg,6
/Users/qingfengliu/Desktop/fashion-pic/IO_25-26aw-071.jpg,IO_25-26aw-071.jpg,6
/Users/qingfengliu/Desktop/fashion-pic/IQw.jpg,IQw.jpg,6
/Users/qingfengliu/Desktop/fashion-pic/JOHNBULL_MENS_2025FW-026.jpg,JOHNBULL_MENS_2025FW-026.jpg,19
/Users/qingfengliu/Desktop/fashion-pic/JOHNBULL_MENS_2025FW-028.jpg,JOHNBULL_MENS_2025FW-028.jpg,20
/Users/qingfengliu/Desktop/fashion-pic/JOHNBULL_MENS_2025FW-030.jpg,JOHNBULL_MENS_2025FW-030.jpg,20
/Users/qingfengliu/Desktop/fashion-pic/JOHNBULL_MENS_2025FW-034.jpg,JOHNBULL_MENS_2025FW-034.jpg,20
/Users/qingfengliu/Desktop/fashion-pic/JOHNBULL_MENS_2025FW-036.jpg,JOHNBULL_MENS_2025FW-036.jpg,20
/Users/qingfengliu/Desktop/fashion-pic/JOHNBULL_MENS_2025FW-038.jpg,JOHNBULL_MENS_2025FW-038.jpg,20
/Users/qingfengliu/Desktop/fashion-pic/JOHNBULL_MENS_2025FW-040.jpg,JOHNBULL_MENS_2025FW-040.jpg,20
/Users/qingfengliu/Desktop/fashion-pic/KFo.jpg,KFo.jpg,6
/Users/qingfengliu/Desktop/fashion-pic/Kiivu_2025aw_001.jpg,Kiivu_2025aw_001.jpg,3
/Users/qingfengliu/Desktop/fashion-pic/Kiivu_2025aw_004.jpg,Kiivu_2025aw_004.jpg,3
/Users/qingfengliu/Desktop/fashion-pic/Kiivu_2025aw_007.jpg,Kiivu_2025aw_007.jpg,3
/Users/qingfengliu/Desktop/fashion-pic/Kiivu_2025aw_022.jpg,Kiivu_2025aw_022.jpg,3
/Users/qingfengliu/Desktop/fashion-pic/Kiivu_2025aw_031.jpg,Kiivu_2025aw_031.jpg,3
/Users/qingfengliu/Desktop/fashion-pic/Kiivu_2025aw_034.jpg,Kiivu_2025aw_034.jpg,3
/Users/qingfengliu/Desktop/fashion-pic/Kiivu_2025aw_036.jpg,Kiivu_2025aw_036.jpg,3
/Users/qingfengliu/Desktop/fashion-pic/Kiivu_2025aw_039.jpg,Kiivu_2025aw_039.jpg,3
/Users/qingfengliu/Desktop/fashion-pic/Kiivu_2025aw_045.jpg,Kiivu_2025aw_045.jpg,3
/Users/qingfengliu/Desktop/fashion-pic/LEH_25-26aw-001.jpg,LEH_25-26aw-001.jpg,20
/Users/qingfengliu/Desktop/fashion-pic/LEH_25-26aw-002.jpg,LEH_25-26aw-002.jpg,20
/Users/qingfengliu/Desktop/fashion-pic/LEH_25-26aw-004.jpg,LEH_25-26aw-004.jpg,19
/Users/qingfengliu/Desktop/fashion-pic/LEH_25-26aw-006.jpg,LEH_25-26aw-006.jpg,8
/Users/qingfengliu/Desktop/fashion-pic/LEH_25-26aw-007.jpg,LEH_25-26aw-007.jpg,1
/Users/qingfengliu/Desktop/fashion-pic/LEH_25-26aw-010.jpg,LEH_25-26aw-010.jpg,20
/Users/qingfengliu/Desktop/fashion-pic/LEH_25-26aw-014.jpg,LEH_25-26aw-014.jpg,20
/Users/qingfengliu/Desktop/fashion-pic/LEH_25-26aw-022.jpg,LEH_25-26aw-022.jpg,19
/Users/qingfengliu/Desktop/fashion-pic/LEH_25-26aw-025.jpg,LEH_25-26aw-025.jpg,20
/Users/qingfengliu/Desktop/fashion-pic/LEH_25-26aw-027.jpg,LEH_25-26aw-027.jpg,20
/Users/qingfengliu/Desktop/fashion-pic/LEH_25-26aw-028.jpg,LEH_25-26aw-028.jpg,20
/Users/qingfengliu/Desktop/fashion-pic/LEH_25-26aw-029.jpg,LEH_25-26aw-029.jpg,20
/Users/qingfengliu/Desktop/fashion-pic/LEH_25-26aw-032.jpg,LEH_25-26aw-032.jpg,20
/Users/qingfengliu/Desktop/fashion-pic/LOVELESS_2025fall-002.jpg,LOVELESS_2025fall-002.jpg,6
/Users/qingfengliu/Desktop/fashion-pic/LOVELESS_2025fall-007.jpg,LOVELESS_2025fall-007.jpg,6
/Users/qingfengliu/Desktop/fashion-pic/LOVELESS_2025fall-009.jpg,LOVELESS_2025fall-009.jpg,6
/Users/qingfengliu/Desktop/fashion-pic/LOVELESS_2025fall-019.jpg,LOVELESS_2025fall-019.jpg,6
/Users/qingfengliu/Desktop/fashion-pic/LOVELESS_2025fall-023.jpg,LOVELESS_2025fall-023.jpg,6
/Users/qingfengliu/Desktop/fashion-pic/LqA.jpg,LqA.jpg,6
/Users/qingfengliu/Desktop/fashion-pic/MDQ.jpg,MDQ.jpg,6
/Users/qingfengliu/Desktop/fashion-pic/MEIAS_2025aw-009.jpg,MEIAS_2025aw-009.jpg,14
/Users/qingfengliu/Desktop/fashion-pic/MEIAS_2025aw-010.jpg,MEIAS_2025aw-010.jpg,4
/Users/qingfengliu/Desktop/fashion-pic/MEIAS_2025aw-013.jpg,MEIAS_2025aw-013.jpg,4
/Users/qingfengliu/Desktop/fashion-pic/MEIAS_2025aw-014.jpg,MEIAS_2025aw-014.jpg,4
/Users/qingfengliu/Desktop/fashion-pic/PkE.jpg,PkE.jpg,5
/Users/qingfengliu/Desktop/fashion-pic/Poliquant_25-26aw-001.jpg,Poliquant_25-26aw-001.jpg,17
/Users/qingfengliu/Desktop/fashion-pic/Poliquant_25-26aw-003.jpg,Poliquant_25-26aw-003.jpg,19
/Users/qingfengliu/Desktop/fashion-pic/Poliquant_25-26aw-005.jpg,Poliquant_25-26aw-005.jpg,17
/Users/qingfengliu/Desktop/fashion-pic/Poliquant_25-26aw-007.jpg,Poliquant_25-26aw-007.jpg,17
/Users/qingfengliu/Desktop/fashion-pic/Poliquant_25-26aw-009.jpg,Poliquant_25-26aw-009.jpg,17
/Users/qingfengliu/Desktop/fashion-pic/Poliquant_25-26aw-011.jpg,Poliquant_25-26aw-011.jpg,19
/Users/qingfengliu/Desktop/fashion-pic/Poliquant_25-26aw-018.jpg,Poliquant_25-26aw-018.jpg,19
/Users/qingfengliu/Desktop/fashion-pic/Poliquant_25-26aw-024.jpg,Poliquant_25-26aw-024.jpg,17
/Users/qingfengliu/Desktop/fashion-pic/PostO_alls_25FW-015.jpg,PostO_alls_25FW-015.jpg,20
/Users/qingfengliu/Desktop/fashion-pic/PostO_alls_25FW-017.jpg,PostO_alls_25FW-017.jpg,19
/Users/qingfengliu/Desktop/fashion-pic/PostO_alls_25FW-020.jpg,PostO_alls_25FW-020.jpg,20
/Users/qingfengliu/Desktop/fashion-pic/PostO_alls_25FW-024.jpg,PostO_alls_25FW-024.jpg,19
/Users/qingfengliu/Desktop/fashion-pic/REMIRELIEF_25AW_-001.jpg,REMIRELIEF_25AW_-001.jpg,5
/Users/qingfengliu/Desktop/fashion-pic/REMIRELIEF_25AW_-003.jpg,REMIRELIEF_25AW_-003.jpg,5
/Users/qingfengliu/Desktop/fashion-pic/REMIRELIEF_25AW_-004.jpg,REMIRELIEF_25AW_-004.jpg,5
/Users/qingfengliu/Desktop/fashion-pic/REMIRELIEF_25AW_-009.jpg,REMIRELIEF_25AW_-009.jpg,5
/Users/qingfengliu/Desktop/fashion-pic/REMIRELIEF_25AW_-011.jpg,REMIRELIEF_25AW_-011.jpg,5
/Users/qingfengliu/Desktop/fashion-pic/REMIRELIEF_25AW_-013.jpg,REMIRELIEF_25AW_-013.jpg,5
/Users/qingfengliu/Desktop/fashion-pic/REMIRELIEF_25AW_-014.jpg,REMIRELIEF_25AW_-014.jpg,5
/Users/qingfengliu/Desktop/fashion-pic/REMIRELIEF_25AW_-017.jpg,REMIRELIEF_25AW_-017.jpg,5
/Users/qingfengliu/Desktop/fashion-pic/SEVESKIG_2025aw_001.jpg,SEVESKIG_2025aw_001.jpg,3
/Users/qingfengliu/Desktop/fashion-pic/SEVESKIG_2025aw_008.jpg,SEVESKIG_2025aw_008.jpg,3
/Users/qingfengliu/Desktop/fashion-pic/SEVESKIG_2025aw_015.jpg,SEVESKIG_2025aw_015.jpg,3
/Users/qingfengliu/Desktop/fashion-pic/SEVESKIG_2025aw_018.jpg,SEVESKIG_2025aw_018.jpg,3
/Users/qingfengliu/Desktop/fashion-pic/SEVESKIG_2025aw_021.jpg,SEVESKIG_2025aw_021.jpg,3
/Users/qingfengliu/Desktop/fashion-pic/SEVESKIG_2025aw_026.jpg,SEVESKIG_2025aw_026.jpg,3
/Users/qingfengliu/Desktop/fashion-pic/SEVESKIG_2025aw_028.jpg,SEVESKIG_2025aw_028.jpg,3
/Users/qingfengliu/Desktop/fashion-pic/SEVESKIG_2025aw_030.jpg,SEVESKIG_2025aw_030.jpg,3
/Users/qingfengliu/Desktop/fashion-pic/SEVESKIG_2025aw_033.jpg,SEVESKIG_2025aw_033.jpg,3
/Users/qingfengliu/Desktop/fashion-pic/SEVESKIG_2025aw_035.jpg,SEVESKIG_2025aw_035.jpg,3
/Users/qingfengliu/Desktop/fashion-pic/SEVESKIG_2025aw_043.jpg,SEVESKIG_2025aw_043.jpg,3
/Users/qingfengliu/Desktop/fashion-pic/SEVESKIG_2025aw_045.jpg,SEVESKIG_2025aw_045.jpg,3
/Users/qingfengliu/Desktop/fashion-pic/SEVESKIG_2025aw_047.jpg,SEVESKIG_2025aw_047.jpg,3
/Users/qingfengliu/Desktop/fashion-pic/SEVESKIG_2025aw_057.jpg,SEVESKIG_2025aw_057.jpg,3
/Users/qingfengliu/Desktop/fashion-pic/SEVESKIG_2025aw_064.jpg,SEVESKIG_2025aw_064.jpg,3
/Users/qingfengliu/Desktop/fashion-pic/SEVESKIG_2025aw_067.jpg,SEVESKIG_2025aw_067.jpg,3
/Users/qingfengliu/Desktop/fashion-pic/SEVESKIG_2025aw_072.jpg,SEVESKIG_2025aw_072.jpg,3
/Users/qingfengliu/Desktop/fashion-pic/TALKINGABOUTTHEABSTRACTION_25-26aw_009.jpg,TALKINGABOUTTHEABSTRACTION_25-26aw_009.jpg,2
/Users/qingfengliu/Desktop/fashion-pic/TALKINGABOUTTHEABSTRACTION_25-26aw_012.jpg,TALKINGABOUTTHEABSTRACTION_25-26aw_012.jpg,2
/Users/qingfengliu/Desktop/fashion-pic/TALKINGABOUTTHEABSTRACTION_25-26aw_019.jpg,TALKINGABOUTTHEABSTRACTION_25-26aw_019.jpg,2
/Users/qingfengliu/Desktop/fashion-pic/TALKINGABOUTTHEABSTRACTION_25-26aw_022.jpg,TALKINGABOUTTHEABSTRACTION_25-26aw_022.jpg,2
/Users/qingfengliu/Desktop/fashion-pic/TALKINGABOUTTHEABSTRACTION_25-26aw_033.jpg,TALKINGABOUTTHEABSTRACTION_25-26aw_033.jpg,2
/Users/qingfengliu/Desktop/fashion-pic/UNUSED_2025fw_001.jpg,UNUSED_2025fw_001.jpg,3
/Users/qingfengliu/Desktop/fashion-pic/UNUSED_2025fw_003.jpg,UNUSED_2025fw_003.jpg,3
/Users/qingfengliu/Desktop/fashion-pic/UNUSED_2025fw_005.jpg,UNUSED_2025fw_005.jpg,3
/Users/qingfengliu/Desktop/fashion-pic/UNUSED_2025fw_007.jpg,UNUSED_2025fw_007.jpg,3
/Users/qingfengliu/Desktop/fashion-pic/UNUSED_2025fw_010.jpg,UNUSED_2025fw_010.jpg,2
/Users/qingfengliu/Desktop/fashion-pic/UNUSED_2025fw_012.jpg,UNUSED_2025fw_012.jpg,3
/Users/qingfengliu/Desktop/fashion-pic/UNUSED_2025fw_015.jpg,UNUSED_2025fw_015.jpg,3
/Users/qingfengliu/Desktop/fashion-pic/UNUSED_2025fw_018.jpg,UNUSED_2025fw_018.jpg,3
/Users/qingfengliu/Desktop/fashion-pic/UNUSED_2025fw_019.jpg,UNUSED_2025fw_019.jpg,18
/Users/qingfengliu/Desktop/fashion-pic/UNUSED_2025fw_021.jpg,UNUSED_2025fw_021.jpg,3
/Users/qingfengliu/Desktop/fashion-pic/UNUSED_2025fw_025.jpg,UNUSED_2025fw_025.jpg,3
/Users/qingfengliu/Desktop/fashion-pic/UNUSED_2025fw_028.jpg,UNUSED_2025fw_028.jpg,2
/Users/qingfengliu/Desktop/fashion-pic/UNUSED_2025fw_030.jpg,UNUSED_2025fw_030.jpg,3
/Users/qingfengliu/Desktop/fashion-pic/UNUSED_2025fw_032.jpg,UNUSED_2025fw_032.jpg,2
/Users/qingfengliu/Desktop/fashion-pic/UNUSED_2025fw_036.jpg,UNUSED_2025fw_036.jpg,3
/Users/qingfengliu/Desktop/fashion-pic/UNUSED_2025fw_039.jpg,UNUSED_2025fw_039.jpg,3
/Users/qingfengliu/Desktop/fashion-pic/UNUSED_2025fw_041.jpg,UNUSED_2025fw_041.jpg,2
/Users/qingfengliu/Desktop/fashion-pic/UNUSED_2025fw_042.jpg,UNUSED_2025fw_042.jpg,3
/Users/qingfengliu/Desktop/fashion-pic/UNUSED_2025fw_045.jpg,UNUSED_2025fw_045.jpg,3
/Users/qingfengliu/Desktop/fashion-pic/UNUSED_2025fw_048.jpg,UNUSED_2025fw_048.jpg,3
/Users/qingfengliu/Desktop/fashion-pic/UNUSED_2025fw_051.jpg,UNUSED_2025fw_051.jpg,3
/Users/qingfengliu/Desktop/fashion-pic/UNUSED_2025fw_054.jpg,UNUSED_2025fw_054.jpg,3
/Users/qingfengliu/Desktop/fashion-pic/V-8.jpg,V-8.jpg,14
/Users/qingfengliu/Desktop/fashion-pic/VALAADO_25-26aw_004.jpg,VALAADO_25-26aw_004.jpg,2
/Users/qingfengliu/Desktop/fashion-pic/VALAADO_25-26aw_013.jpg,VALAADO_25-26aw_013.jpg,2
/Users/qingfengliu/Desktop/fashion-pic/VALAADO_25-26aw_018.jpg,VALAADO_25-26aw_018.jpg,2
/Users/qingfengliu/Desktop/fashion-pic/VALAADO_25-26aw_021.jpg,VALAADO_25-26aw_021.jpg,2
/Users/qingfengliu/Desktop/fashion-pic/VALAADO_25-26aw_022.jpg,VALAADO_25-26aw_022.jpg,2
/Users/qingfengliu/Desktop/fashion-pic/VALAADO_25-26aw_036.jpg,VALAADO_25-26aw_036.jpg,2
/Users/qingfengliu/Desktop/fashion-pic/VALAADO_25-26aw_041.jpg,VALAADO_25-26aw_041.jpg,2
/Users/qingfengliu/Desktop/fashion-pic/VOAAOV_26SS-002.jpg,VOAAOV_26SS-002.jpg,20
/Users/qingfengliu/Desktop/fashion-pic/YLEVE_25-26aw_003.jpg,YLEVE_25-26aw_003.jpg,5
/Users/qingfengliu/Desktop/fashion-pic/YLEVE_25-26aw_018.jpg,YLEVE_25-26aw_018.jpg,5
/Users/qingfengliu/Desktop/fashion-pic/YLEVE_25-26aw_019.jpg,YLEVE_25-26aw_019.jpg,5
/Users/qingfengliu/Desktop/fashion-pic/YLEVE_25-26aw_022.jpg,YLEVE_25-26aw_022.jpg,5
/Users/qingfengliu/Desktop/fashion-pic/YLEVE_25-26aw_024.jpg,YLEVE_25-26aw_024.jpg,5
/Users/qingfengliu/Desktop/fashion-pic/YLEVE_25-26aw_033.jpg,YLEVE_25-26aw_033.jpg,5
/Users/qingfengliu/Desktop/fashion-pic/YLEVE_25-26aw_036.jpg,YLEVE_25-26aw_036.jpg,5
/Users/qingfengliu/Desktop/fashion-pic/YLEVE_25-26aw_038.jpg,YLEVE_25-26aw_038.jpg,5
/Users/qingfengliu/Desktop/fashion-pic/YLEVE_25-26aw_039.jpg,YLEVE_25-26aw_039.jpg,5
/Users/qingfengliu/Desktop/fashion-pic/YLEVE_25-26aw_041.jpg,YLEVE_25-26aw_041.jpg,5
/Users/qingfengliu/Desktop/fashion-pic/YLEVE_25-26aw_043.jpg,YLEVE_25-26aw_043.jpg,5
/Users/qingfengliu/Desktop/fashion-pic/ZARA_STUDIO_COLLECTION_women-25aw-001.jpg,ZARA_STUDIO_COLLECTION_women-25aw-001.jpg,20
/Users/qingfengliu/Desktop/fashion-pic/ZARA_STUDIO_COLLECTION_women-25aw-004.jpg,ZARA_STUDIO_COLLECTION_women-25aw-004.jpg,9
/Users/qingfengliu/Desktop/fashion-pic/ZARA_STUDIO_COLLECTION_women-25aw-007.jpg,ZARA_STUDIO_COLLECTION_women-25aw-007.jpg,8
/Users/qingfengliu/Desktop/fashion-pic/ZARA_STUDIO_COLLECTION_women-25aw-022.jpg,ZARA_STUDIO_COLLECTION_women-25aw-022.jpg,8
/Users/qingfengliu/Desktop/fashion-pic/ZARA_STUDIO_COLLECTION_women-25aw-023.jpg,ZARA_STUDIO_COLLECTION_women-25aw-023.jpg,13
/Users/qingfengliu/Desktop/fashion-pic/ZARA_STUDIO_COLLECTION_women-25aw-030.jpg,ZARA_STUDIO_COLLECTION_women-25aw-030.jpg,13
/Users/qingfengliu/Desktop/fashion-pic/ZARA_STUDIO_COLLECTION_women-25aw-033.jpg,ZARA_STUDIO_COLLECTION_women-25aw-033.jpg,9
/Users/qingfengliu/Desktop/fashion-pic/ZARA_STUDIO_COLLECTION_women-25aw-036.jpg,ZARA_STUDIO_COLLECTION_women-25aw-036.jpg,8
/Users/qingfengliu/Desktop/fashion-pic/ZARA_STUDIO_COLLECTION_women-25aw-042.jpg,ZARA_STUDIO_COLLECTION_women-25aw-042.jpg,10
/Users/qingfengliu/Desktop/fashion-pic/ZARA_STUDIO_COLLECTION_women-25aw-044.jpg,ZARA_STUDIO_COLLECTION_women-25aw-044.jpg,17
/Users/qingfengliu/Desktop/fashion-pic/ZARA_STUDIO_COLLECTION_women-25aw-046.jpg,ZARA_STUDIO_COLLECTION_women-25aw-046.jpg,14
/Users/qingfengliu/Desktop/fashion-pic/basiks_25-26aw_008.jpg,basiks_25-26aw_008.jpg,3
/Users/qingfengliu/Desktop/fashion-pic/basiks_25-26aw_012.jpg,basiks_25-26aw_012.jpg,3
/Users/qingfengliu/Desktop/fashion-pic/basiks_25-26aw_015.jpg,basiks_25-26aw_015.jpg,3
/Users/qingfengliu/Desktop/fashion-pic/basiks_25-26aw_023.jpg,basiks_25-26aw_023.jpg,3
/Users/qingfengliu/Desktop/fashion-pic/basiks_25-26aw_038.jpg,basiks_25-26aw_038.jpg,3
/Users/qingfengliu/Desktop/fashion-pic/basiks_25-26aw_057.jpg,basiks_25-26aw_057.jpg,3
/Users/qingfengliu/Desktop/fashion-pic/beamsplus_25-26aw-002.jpg,beamsplus_25-26aw-002.jpg,12
/Users/qingfengliu/Desktop/fashion-pic/beamsplus_25-26aw-004.jpg,beamsplus_25-26aw-004.jpg,13
/Users/qingfengliu/Desktop/fashion-pic/beamsplus_25-26aw-005.jpg,beamsplus_25-26aw-005.jpg,12
/Users/qingfengliu/Desktop/fashion-pic/beamsplus_25-26aw-007.jpg,beamsplus_25-26aw-007.jpg,12
/Users/qingfengliu/Desktop/fashion-pic/beamsplus_25-26aw-008.jpg,beamsplus_25-26aw-008.jpg,12
/Users/qingfengliu/Desktop/fashion-pic/beamsplus_25-26aw-010.jpg,beamsplus_25-26aw-010.jpg,12
/Users/qingfengliu/Desktop/fashion-pic/beamsplus_25-26aw-012.jpg,beamsplus_25-26aw-012.jpg,12
/Users/qingfengliu/Desktop/fashion-pic/beamsplus_25-26aw-014.jpg,beamsplus_25-26aw-014.jpg,12
/Users/qingfengliu/Desktop/fashion-pic/beamsplus_25-26aw-015.jpg,beamsplus_25-26aw-015.jpg,12
/Users/qingfengliu/Desktop/fashion-pic/beamsplus_25-26aw-017.jpg,beamsplus_25-26aw-017.jpg,12
/Users/qingfengliu/Desktop/fashion-pic/beamsplus_25-26aw-018.jpg,beamsplus_25-26aw-018.jpg,12
/Users/qingfengliu/Desktop/fashion-pic/beamsplus_25-26aw-019.jpg,beamsplus_25-26aw-019.jpg,12
/Users/qingfengliu/Desktop/fashion-pic/beamsplus_25-26aw-021.jpg,beamsplus_25-26aw-021.jpg,12
/Users/qingfengliu/Desktop/fashion-pic/beamsplus_25-26aw-023.jpg,beamsplus_25-26aw-023.jpg,12
/Users/qingfengliu/Desktop/fashion-pic/beamsplus_25-26aw-024.jpg,beamsplus_25-26aw-024.jpg,12
/Users/qingfengliu/Desktop/fashion-pic/beamsplus_25-26aw-026.jpg,beamsplus_25-26aw-026.jpg,12
/Users/qingfengliu/Desktop/fashion-pic/beamsplus_25-26aw-027.jpg,beamsplus_25-26aw-027.jpg,12
/Users/qingfengliu/Desktop/fashion-pic/beamsplus_25-26aw-028.jpg,beamsplus_25-26aw-028.jpg,12
/Users/qingfengliu/Desktop/fashion-pic/beamsplus_25-26aw-030.jpg,beamsplus_25-26aw-030.jpg,12
/Users/qingfengliu/Desktop/fashion-pic/jjU.jpg,jjU.jpg,6
/Users/qingfengliu/Desktop/fashion-pic/kamiya_25-26aw_003.jpg,kamiya_25-26aw_003.jpg,3
/Users/qingfengliu/Desktop/fashion-pic/kamiya_25-26aw_004.jpg,kamiya_25-26aw_004.jpg,10
/Users/qingfengliu/Desktop/fashion-pic/kamiya_25-26aw_005.jpg,kamiya_25-26aw_005.jpg,3
/Users/qingfengliu/Desktop/fashion-pic/kamiya_25-26aw_007.jpg,kamiya_25-26aw_007.jpg,3
/Users/qingfengliu/Desktop/fashion-pic/kamiya_25-26aw_009.jpg,kamiya_25-26aw_009.jpg,3
/Users/qingfengliu/Desktop/fashion-pic/kamiya_25-26aw_010.jpg,kamiya_25-26aw_010.jpg,3
/Users/qingfengliu/Desktop/fashion-pic/kamiya_25-26aw_012.jpg,kamiya_25-26aw_012.jpg,3
/Users/qingfengliu/Desktop/fashion-pic/kamiya_25-26aw_013.jpg,kamiya_25-26aw_013.jpg,3
/Users/qingfengliu/Desktop/fashion-pic/kamiya_25-26aw_017.jpg,kamiya_25-26aw_017.jpg,3
/Users/qingfengliu/Desktop/fashion-pic/kamiya_25-26aw_018.jpg,kamiya_25-26aw_018.jpg,3
/Users/qingfengliu/Desktop/fashion-pic/kamiya_25-26aw_019.jpg,kamiya_25-26aw_019.jpg,3
/Users/qingfengliu/Desktop/fashion-pic/kamiya_25-26aw_021.jpg,kamiya_25-26aw_021.jpg,3
/Users/qingfengliu/Desktop/fashion-pic/kamiya_25-26aw_023.jpg,kamiya_25-26aw_023.jpg,3
/Users/qingfengliu/Desktop/fashion-pic/kamiya_25-26aw_024.jpg,kamiya_25-26aw_024.jpg,3
/Users/qingfengliu/Desktop/fashion-pic/kamiya_25-26aw_026.jpg,kamiya_25-26aw_026.jpg,3
/Users/qingfengliu/Desktop/fashion-pic/kamiya_25-26aw_028.jpg,kamiya_25-26aw_028.jpg,3
/Users/qingfengliu/Desktop/fashion-pic/kamiya_25-26aw_032.jpg,kamiya_25-26aw_032.jpg,3
/Users/qingfengliu/Desktop/fashion-pic/kamiya_25-26aw_034.jpg,kamiya_25-26aw_034.jpg,3
/Users/qingfengliu/Desktop/fashion-pic/kamiya_25-26aw_036.jpg,kamiya_25-26aw_036.jpg,3
/Users/qingfengliu/Desktop/fashion-pic/kamiya_25-26aw_037.jpg,kamiya_25-26aw_037.jpg,3
/Users/qingfengliu/Desktop/fashion-pic/kanemasaphil_25-26aw_001.jpg,kanemasaphil_25-26aw_001.jpg,3
/Users/qingfengliu/Desktop/fashion-pic/kanemasaphil_25-26aw_002.jpg,kanemasaphil_25-26aw_002.jpg,3
/Users/qingfengliu/Desktop/fashion-pic/kanemasaphil_25-26aw_003.jpg,kanemasaphil_25-26aw_003.jpg,3
/Users/qingfengliu/Desktop/fashion-pic/kanemasaphil_25-26aw_004.jpg,kanemasaphil_25-26aw_004.jpg,3
/Users/qingfengliu/Desktop/fashion-pic/kanemasaphil_25-26aw_005.jpg,kanemasaphil_25-26aw_005.jpg,3
/Users/qingfengliu/Desktop/fashion-pic/kanemasaphil_25-26aw_006.jpg,kanemasaphil_25-26aw_006.jpg,3
/Users/qingfengliu/Desktop/fashion-pic/kanemasaphil_25-26aw_007.jpg,kanemasaphil_25-26aw_007.jpg,3
/Users/qingfengliu/Desktop/fashion-pic/kanemasaphil_25-26aw_008.jpg,kanemasaphil_25-26aw_008.jpg,3
/Users/qingfengliu/Desktop/fashion-pic/kanemasaphil_25-26aw_009.jpg,kanemasaphil_25-26aw_009.jpg,3
/Users/qingfengliu/Desktop/fashion-pic/kanemasaphil_25-26aw_010.jpg,kanemasaphil_25-26aw_010.jpg,3
/Users/qingfengliu/Desktop/fashion-pic/kanemasaphil_25-26aw_011.jpg,kanemasaphil_25-26aw_011.jpg,3
/Users/qingfengliu/Desktop/fashion-pic/kanemasaphil_25-26aw_012.jpg,kanemasaphil_25-26aw_012.jpg,3
/Users/qingfengliu/Desktop/fashion-pic/kanemasaphil_25-26aw_013.jpg,kanemasaphil_25-26aw_013.jpg,3
/Users/qingfengliu/Desktop/fashion-pic/kanemasaphil_25-26aw_014.jpg,kanemasaphil_25-26aw_014.jpg,3
/Users/qingfengliu/Desktop/fashion-pic/kanemasaphil_25-26aw_015.jpg,kanemasaphil_25-26aw_015.jpg,3
/Users/qingfengliu/Desktop/fashion-pic/kanemasaphil_25-26aw_016.jpg,kanemasaphil_25-26aw_016.jpg,3
/Users/qingfengliu/Desktop/fashion-pic/kanemasaphil_25-26aw_017.jpg,kanemasaphil_25-26aw_017.jpg,3
/Users/qingfengliu/Desktop/fashion-pic/kanemasaphil_25-26aw_018.jpg,kanemasaphil_25-26aw_018.jpg,3
/Users/qingfengliu/Desktop/fashion-pic/kanemasaphil_25-26aw_019.jpg,kanemasaphil_25-26aw_019.jpg,3
/Users/qingfengliu/Desktop/fashion-pic/kanemasaphil_25-26aw_020.jpg,kanemasaphil_25-26aw_020.jpg,3
/Users/qingfengliu/Desktop/fashion-pic/lastnest_2025aw_001.jpg,lastnest_2025aw_001.jpg,3
/Users/qingfengliu/Desktop/fashion-pic/lastnest_2025aw_011.jpg,lastnest_2025aw_011.jpg,3
/Users/qingfengliu/Desktop/fashion-pic/lastnest_2025aw_013.jpg,lastnest_2025aw_013.jpg,3
/Users/qingfengliu/Desktop/fashion-pic/lastnest_2025aw_014.jpg,lastnest_2025aw_014.jpg,3
/Users/qingfengliu/Desktop/fashion-pic/lastnest_2025aw_016.jpg,lastnest_2025aw_016.jpg,3
/Users/qingfengliu/Desktop/fashion-pic/lastnest_2025aw_018.jpg,lastnest_2025aw_018.jpg,3
/Users/qingfengliu/Desktop/fashion-pic/lastnest_2025aw_020.jpg,lastnest_2025aw_020.jpg,3
/Users/qingfengliu/Desktop/fashion-pic/lastnest_2025aw_022.jpg,lastnest_2025aw_022.jpg,3
/Users/qingfengliu/Desktop/fashion-pic/lastnest_2025aw_025.jpg,lastnest_2025aw_025.jpg,3
/Users/qingfengliu/Desktop/fashion-pic/lastnest_2025aw_027.jpg,lastnest_2025aw_027.jpg,3
/Users/qingfengliu/Desktop/fashion-pic/lastnest_2025aw_029.jpg,lastnest_2025aw_029.jpg,3
/Users/qingfengliu/Desktop/fashion-pic/lastnest_2025aw_030.jpg,lastnest_2025aw_030.jpg,3
/Users/qingfengliu/Desktop/fashion-pic/lastnest_2025aw_032.jpg,lastnest_2025aw_032.jpg,3
/Users/qingfengliu/Desktop/fashion-pic/lastnest_2025aw_034.jpg,lastnest_2025aw_034.jpg,3
/Users/qingfengliu/Desktop/fashion-pic/lastnest_2025aw_036.jpg,lastnest_2025aw_036.jpg,3
/Users/qingfengliu/Desktop/fashion-pic/lastnest_2025aw_037.jpg,lastnest_2025aw_037.jpg,3
/Users/qingfengliu/Desktop/fashion-pic/meanswhile_25-26aw-001.jpg,meanswhile_25-26aw-001.jpg,20
/Users/qingfengliu/Desktop/fashion-pic/meanswhile_25-26aw-003.jpg,meanswhile_25-26aw-003.jpg,19
/Users/qingfengliu/Desktop/fashion-pic/meanswhile_25-26aw-006.jpg,meanswhile_25-26aw-006.jpg,19
/Users/qingfengliu/Desktop/fashion-pic/meanswhile_25-26aw-008.jpg,meanswhile_25-26aw-008.jpg,16
/Users/qingfengliu/Desktop/fashion-pic/meanswhile_25-26aw-011.jpg,meanswhile_25-26aw-011.jpg,20
/Users/qingfengliu/Desktop/fashion-pic/meanswhile_25-26aw-014.jpg,meanswhile_25-26aw-014.jpg,19
/Users/qingfengliu/Desktop/fashion-pic/meanswhile_25-26aw-017.jpg,meanswhile_25-26aw-017.jpg,14
/Users/qingfengliu/Desktop/fashion-pic/meanswhile_25-26aw-019.jpg,meanswhile_25-26aw-019.jpg,19
/Users/qingfengliu/Desktop/fashion-pic/meanswhile_25-26aw-022.jpg,meanswhile_25-26aw-022.jpg,17
/Users/qingfengliu/Desktop/fashion-pic/meanswhile_25-26aw-025.jpg,meanswhile_25-26aw-025.jpg,20
/Users/qingfengliu/Desktop/fashion-pic/meanswhile_25-26aw-028.jpg,meanswhile_25-26aw-028.jpg,19
/Users/qingfengliu/Desktop/fashion-pic/meanswhile_25-26aw-030.jpg,meanswhile_25-26aw-030.jpg,9
/Users/qingfengliu/Desktop/fashion-pic/meanswhile_25-26aw-033.jpg,meanswhile_25-26aw-033.jpg,20
/Users/qingfengliu/Desktop/fashion-pic/meanswhile_25-26aw-035.jpg,meanswhile_25-26aw-035.jpg,17
/Users/qingfengliu/Desktop/fashion-pic/meanswhile_25-26aw-038.jpg,meanswhile_25-26aw-038.jpg,20
/Users/qingfengliu/Desktop/fashion-pic/meanswhile_25-26aw-041.jpg,meanswhile_25-26aw-041.jpg,20
/Users/qingfengliu/Desktop/fashion-pic/meanswhile_25-26aw-044.jpg,meanswhile_25-26aw-044.jpg,19
/Users/qingfengliu/Desktop/fashion-pic/meanswhile_25-26aw-046.jpg,meanswhile_25-26aw-046.jpg,17
/Users/qingfengliu/Desktop/fashion-pic/meanswhile_25-26aw-049.jpg,meanswhile_25-26aw-049.jpg,17
/Users/qingfengliu/Desktop/fashion-pic/meanswhile_25-26aw-053.jpg,meanswhile_25-26aw-053.jpg,19
/Users/qingfengliu/Desktop/fashion-pic/mikageshin_25-26aw_007.jpg,mikageshin_25-26aw_007.jpg,8
/Users/qingfengliu/Desktop/fashion-pic/mikageshin_25-26aw_015.jpg,mikageshin_25-26aw_015.jpg,8
/Users/qingfengliu/Desktop/fashion-pic/mikageshin_25-26aw_025.jpg,mikageshin_25-26aw_025.jpg,8
/Users/qingfengliu/Desktop/fashion-pic/mikageshin_25-26aw_030.jpg,mikageshin_25-26aw_030.jpg,6
/Users/qingfengliu/Desktop/fashion-pic/mikageshin_25-26aw_036.jpg,mikageshin_25-26aw_036.jpg,8
/Users/qingfengliu/Desktop/fashion-pic/my_beautiful_landlet_25_aw_003.jpg,my_beautiful_landlet_25_aw_003.jpg,3
/Users/qingfengliu/Desktop/fashion-pic/my_beautiful_landlet_25_aw_004.jpg,my_beautiful_landlet_25_aw_004.jpg,2
/Users/qingfengliu/Desktop/fashion-pic/my_beautiful_landlet_25_aw_005.jpg,my_beautiful_landlet_25_aw_005.jpg,3
/Users/qingfengliu/Desktop/fashion-pic/my_beautiful_landlet_25_aw_008.jpg,my_beautiful_landlet_25_aw_008.jpg,10
/Users/qingfengliu/Desktop/fashion-pic/my_beautiful_landlet_25_aw_010.jpg,my_beautiful_landlet_25_aw_010.jpg,2
/Users/qingfengliu/Desktop/fashion-pic/my_beautiful_landlet_25_aw_014.jpg,my_beautiful_landlet_25_aw_014.jpg,3
/Users/qingfengliu/Desktop/fashion-pic/my_beautiful_landlet_25_aw_016.jpg,my_beautiful_landlet_25_aw_016.jpg,2
/Users/qingfengliu/Desktop/fashion-pic/my_beautiful_landlet_25_aw_018.jpg,my_beautiful_landlet_25_aw_018.jpg,3
/Users/qingfengliu/Desktop/fashion-pic/my_beautiful_landlet_25_aw_021.jpg,my_beautiful_landlet_25_aw_021.jpg,3
/Users/qingfengliu/Desktop/fashion-pic/my_beautiful_landlet_25_aw_023.jpg,my_beautiful_landlet_25_aw_023.jpg,3
/Users/qingfengliu/Desktop/fashion-pic/my_beautiful_landlet_25_aw_024.jpg,my_beautiful_landlet_25_aw_024.jpg,2
/Users/qingfengliu/Desktop/fashion-pic/my_beautiful_landlet_25_aw_028.jpg,my_beautiful_landlet_25_aw_028.jpg,3
/Users/qingfengliu/Desktop/fashion-pic/my_beautiful_landlet_25_aw_030.jpg,my_beautiful_landlet_25_aw_030.jpg,3
/Users/qingfengliu/Desktop/fashion-pic/my_beautiful_landlet_25_aw_033.jpg,my_beautiful_landlet_25_aw_033.jpg,3
/Users/qingfengliu/Desktop/fashion-pic/my_beautiful_landlet_25_aw_041.jpg,my_beautiful_landlet_25_aw_041.jpg,2
/Users/qingfengliu/Desktop/fashion-pic/my_beautiful_landlet_25_aw_042.jpg,my_beautiful_landlet_25_aw_042.jpg,3
/Users/qingfengliu/Desktop/fashion-pic/oS0.jpg,oS0.jpg,6
/Users/qingfengliu/Desktop/fashion-pic/qws.jpg,qws.jpg,6
/Users/qingfengliu/Desktop/fashion-pic/roundabout-25aw-004.jpg,roundabout-25aw-004.jpg,15
/Users/qingfengliu/Desktop/fashion-pic/roundabout-25aw-005.jpg,roundabout-25aw-005.jpg,19
/Users/qingfengliu/Desktop/fashion-pic/roundabout-25aw-008.jpg,roundabout-25aw-008.jpg,16
/Users/qingfengliu/Desktop/fashion-pic/roundabout-25aw-011.jpg,roundabout-25aw-011.jpg,14
/Users/qingfengliu/Desktop/fashion-pic/roundabout-25aw-017.jpg,roundabout-25aw-017.jpg,1
/Users/qingfengliu/Desktop/fashion-pic/sevenbyseven_25-26aw_001.jpg,sevenbyseven_25-26aw_001.jpg,11
/Users/qingfengliu/Desktop/fashion-pic/sevenbyseven_25-26aw_002.jpg,sevenbyseven_25-26aw_002.jpg,11
/Users/qingfengliu/Desktop/fashion-pic/sevenbyseven_25-26aw_003.jpg,sevenbyseven_25-26aw_003.jpg,11
/Users/qingfengliu/Desktop/fashion-pic/sevenbyseven_25-26aw_004.jpg,sevenbyseven_25-26aw_004.jpg,11
/Users/qingfengliu/Desktop/fashion-pic/sevenbyseven_25-26aw_005.jpg,sevenbyseven_25-26aw_005.jpg,11
/Users/qingfengliu/Desktop/fashion-pic/sevenbyseven_25-26aw_006.jpg,sevenbyseven_25-26aw_006.jpg,11
/Users/qingfengliu/Desktop/fashion-pic/sevenbyseven_25-26aw_007.jpg,sevenbyseven_25-26aw_007.jpg,11
/Users/qingfengliu/Desktop/fashion-pic/sevenbyseven_25-26aw_008.jpg,sevenbyseven_25-26aw_008.jpg,11
/Users/qingfengliu/Desktop/fashion-pic/sevenbyseven_25-26aw_009.jpg,sevenbyseven_25-26aw_009.jpg,11
/Users/qingfengliu/Desktop/fashion-pic/sevenbyseven_25-26aw_010.jpg,sevenbyseven_25-26aw_010.jpg,11
/Users/qingfengliu/Desktop/fashion-pic/sevenbyseven_25-26aw_011.jpg,sevenbyseven_25-26aw_011.jpg,11
/Users/qingfengliu/Desktop/fashion-pic/sevenbyseven_25-26aw_012.jpg,sevenbyseven_25-26aw_012.jpg,11
/Users/qingfengliu/Desktop/fashion-pic/sevenbyseven_25-26aw_013.jpg,sevenbyseven_25-26aw_013.jpg,11
/Users/qingfengliu/Desktop/fashion-pic/sevenbyseven_25-26aw_014.jpg,sevenbyseven_25-26aw_014.jpg,11
/Users/qingfengliu/Desktop/fashion-pic/sevenbyseven_25-26aw_015.jpg,sevenbyseven_25-26aw_015.jpg,11
/Users/qingfengliu/Desktop/fashion-pic/sevenbyseven_25-26aw_016.jpg,sevenbyseven_25-26aw_016.jpg,11
/Users/qingfengliu/Desktop/fashion-pic/wL8.jpg,wL8.jpg,5
/Users/qingfengliu/Desktop/fashion-pic/yukihashimto_25-26aw_005.jpg,yukihashimto_25-26aw_005.jpg,5
/Users/qingfengliu/Desktop/fashion-pic/yukihashimto_25-26aw_007.jpg,yukihashimto_25-26aw_007.jpg,5
/Users/qingfengliu/Desktop/fashion-pic/yukihashimto_25-26aw_010.jpg,yukihashimto_25-26aw_010.jpg,5
/Users/qingfengliu/Desktop/fashion-pic/yukihashimto_25-26aw_011.jpg,yukihashimto_25-26aw_011.jpg,5
